File ID	File Name	Data Category	Data Type	Project ID	Case ID	Sample ID	Tissue Type	Tumor Descriptor	Specimen Type	Preservation Method
abb04117-9caf-4882-a8fc-80450bdc9446	3904bb4b-ef66-45fc-8030-c7e3a4daf22b.rna_seq.augmented_star_gene_counts.tsv	Transcriptome Profiling	Gene Expression Quantification	TCGA-PRAD	TCGA-EJ-7123	TCGA-EJ-7123-11A	Normal	Not Applicable	Solid Tissue	Unknown
447ee125-2322-47df-b160-c3ab45be023e	9981297a-947f-44b0-bbb7-e16b7045c608.rna_seq.augmented_star_gene_counts.tsv	Transcriptome Profiling	Gene Expression Quantification	TCGA-PRAD	TCGA-EJ-7123	TCGA-EJ-7123-01A	Tumor	Primary	Solid Tissue	Unknown
bd41e0c4-f2f5-4702-b05e-f56387a643ea	94e25da6-afbe-45c8-a297-e73f023d242b.rna_seq.augmented_star_gene_counts.tsv	Transcriptome Profiling	Gene Expression Quantification	TCGA-PRAD	TCGA-CH-5790	TCGA-CH-5790-01A	Tumor	Primary	Unknown	Unknown
21e42b51-03fd-4ca7-bd14-7fa4a90d15a1	927948e6-ee98-4efc-a1b9-8c066a576bd3.rna_seq.augmented_star_gene_counts.tsv	Transcriptome Profiling	Gene Expression Quantification	TCGA-PRAD	TCGA-HC-8259	TCGA-HC-8259-11A	Normal	Not Applicable	Solid Tissue	Unknown
4fc59a1f-fe0f-4450-be83-1affc097d80b	12505e9e-7b8b-4128-aecc-76b9475244bb.rna_seq.augmented_star_gene_counts.tsv	Transcriptome Profiling	Gene Expression Quantification	TCGA-PRAD	TCGA-G9-6361	TCGA-G9-6361-01A	Tumor	Primary	Solid Tissue	Unknown
95a72aff-106e-4eb3-a897-1629a4b55c55	9510b5cd-6ad3-4d41-96ae-4209a2b23de8.rna_seq.augmented_star_gene_counts.tsv	Transcriptome Profiling	Gene Expression Quantification	TCGA-PRAD	TCGA-HC-8265	TCGA-HC-8265-01B	Tumor	Primary	Solid Tissue	FFPE
8dcab63c-9b76-4041-98d6-7b8a28052e37	2b850705-12b6-4863-93b5-c08d5a20168a.rna_seq.augmented_star_gene_counts.tsv	Transcriptome Profiling	Gene Expression Quantification	TCGA-PRAD	TCGA-HC-8213	TCGA-HC-8213-01A	Tumor	Primary	Solid Tissue	Unknown
55b83650-9704-4393-88f9-e3ab8bbb56ad	e35f81c3-1ddc-425b-a9b0-7ccc4a54501b.rna_seq.augmented_star_gene_counts.tsv	Transcriptome Profiling	Gene Expression Quantification	TCGA-PRAD	TCGA-EJ-5501	TCGA-EJ-5501-01A	Tumor	Primary	Unknown	Unknown
ad30d409-9b81-469f-8447-99a50dfcd1de	2216e9dc-c605-411c-9faa-dfe327bfd930.rna_seq.augmented_star_gene_counts.tsv	Transcriptome Profiling	Gene Expression Quantification	TCGA-PRAD	TCGA-EJ-7321	TCGA-EJ-7321-11A	Normal	Not Applicable	Solid Tissue	Unknown
94dcdebb-1fd9-4791-a951-a7d01b62d996	0e7ed98c-47a6-4c1e-9376-98f594f6dd71.rna_seq.augmented_star_gene_counts.tsv	Transcriptome Profiling	Gene Expression Quantification	TCGA-PRAD	TCGA-HC-7230	TCGA-HC-7230-01A	Tumor	Primary	Solid Tissue	Unknown
f5930cdc-dff6-4a0c-a9b4-c92159863efb	e25f52c4-7269-481c-8362-ff0d8547ffcb.rna_seq.augmented_star_gene_counts.tsv	Transcriptome Profiling	Gene Expression Quantification	TCGA-PRAD	TCGA-G9-6342	TCGA-G9-6342-11A	Normal	Not Applicable	Solid Tissue	Unknown
3c068b3c-6de7-4be1-9fcf-3aaebf260652	0b9f0386-8654-4cfc-85af-da5eb0dbbcd0.rna_seq.augmented_star_gene_counts.tsv	Transcriptome Profiling	Gene Expression Quantification	TCGA-PRAD	TCGA-G9-6342	TCGA-G9-6342-01A	Tumor	Primary	Solid Tissue	Unknown
86ddb3b5-ecc1-41a0-9719-4a6ffef6624d	0879b7ae-a997-4b0e-aacd-a56a02fe41d2.rna_seq.augmented_star_gene_counts.tsv	Transcriptome Profiling	Gene Expression Quantification	TCGA-PRAD	TCGA-CH-5748	TCGA-CH-5748-01A	Tumor	Primary	Unknown	Unknown
380b15d3-3e0a-4e1c-b3cc-dbb5e999cc8a	aece5c5a-2cca-445a-82ed-90a01e343211.rna_seq.augmented_star_gene_counts.tsv	Transcriptome Profiling	Gene Expression Quantification	TCGA-PRAD	TCGA-G9-6494	TCGA-G9-6494-01A	Tumor	Primary	Solid Tissue	Unknown
27d17d08-c0fe-4f14-bba2-d9db3551c7c9	c3040097-9298-4847-8ba5-03a1c94769d5.rna_seq.augmented_star_gene_counts.tsv	Transcriptome Profiling	Gene Expression Quantification	TCGA-PRAD	TCGA-EJ-5509	TCGA-EJ-5509-01A	Tumor	Primary	Unknown	Unknown
bd12658b-f921-4492-bf17-f2d277c51374	ad47466a-021d-4c58-85cb-00545bd9b9c8.rna_seq.augmented_star_gene_counts.tsv	Transcriptome Profiling	Gene Expression Quantification	TCGA-PRAD	TCGA-EJ-7783	TCGA-EJ-7783-11A	Normal	Not Applicable	Solid Tissue	Unknown
3046b96b-43d4-441d-acdb-f7e951d43674	67902c46-e16a-427f-9d54-65fa6fccef44.rna_seq.augmented_star_gene_counts.tsv	Transcriptome Profiling	Gene Expression Quantification	TCGA-PRAD	TCGA-EJ-5522	TCGA-EJ-5522-01A	Tumor	Primary	Unknown	Unknown
65e9e688-cc41-4500-a55d-33cf5840ccb8	3e1c7650-c9e6-413a-b32c-432346aea5c6.rna_seq.augmented_star_gene_counts.tsv	Transcriptome Profiling	Gene Expression Quantification	TCGA-PRAD	TCGA-FC-7708	TCGA-FC-7708-01A	Tumor	Primary	Solid Tissue	Unknown
2ef10886-a213-446e-afef-12e9b5cbc3be	b720819c-f6ff-48ad-8e19-1456669bd326.rna_seq.augmented_star_gene_counts.tsv	Transcriptome Profiling	Gene Expression Quantification	TCGA-PRAD	TCGA-HC-7213	TCGA-HC-7213-01A	Tumor	Primary	Solid Tissue	Unknown
08aeaf89-9824-4064-8689-edc267d6d09b	7e6e77ec-acdb-4498-b556-486ff71efa63.rna_seq.augmented_star_gene_counts.tsv	Transcriptome Profiling	Gene Expression Quantification	TCGA-PRAD	TCGA-HI-7168	TCGA-HI-7168-01A	Tumor	Primary	Solid Tissue	Unknown
a8eb15ad-97a1-4a24-9442-cb0f00511da4	178684cd-3853-428f-9dc7-f14c04bec277.rna_seq.augmented_star_gene_counts.tsv	Transcriptome Profiling	Gene Expression Quantification	TCGA-PRAD	TCGA-G9-6338	TCGA-G9-6338-01A	Tumor	Primary	Solid Tissue	Unknown
352aae7f-f08f-42e4-b49c-86529fbe622a	9c77256c-e9e7-49fd-992d-bf1df85d2a63.rna_seq.augmented_star_gene_counts.tsv	Transcriptome Profiling	Gene Expression Quantification	TCGA-PRAD	TCGA-EJ-7792	TCGA-EJ-7792-01A	Tumor	Primary	Solid Tissue	Unknown
5cb083a8-6c2c-447e-8842-57823c5d5529	15b903cc-587c-4e85-96d7-c699e525601d.rna_seq.augmented_star_gene_counts.tsv	Transcriptome Profiling	Gene Expression Quantification	TCGA-PRAD	TCGA-EJ-7315	TCGA-EJ-7315-01A	Tumor	Primary	Solid Tissue	Unknown
9bf86a4d-8990-408f-b723-a51571f3ec3a	5316c66f-3cc5-4273-bc01-7825ac5bcb87.rna_seq.augmented_star_gene_counts.tsv	Transcriptome Profiling	Gene Expression Quantification	TCGA-PRAD	TCGA-HC-7750	TCGA-HC-7750-01A	Tumor	Primary	Solid Tissue	Unknown
826760c9-32a8-42a9-9acf-3e9892ff40e8	cde07d1c-3510-4bcf-bd6f-8905077d43f9.rna_seq.augmented_star_gene_counts.tsv	Transcriptome Profiling	Gene Expression Quantification	TCGA-PRAD	TCGA-J9-A52B	TCGA-J9-A52B-01A	Tumor	Primary	Solid Tissue	Unknown
696de53b-a924-4fd7-b9f2-7dfa2aab0fd9	90e537bb-01c6-4600-91cd-5b55770e5308.rna_seq.augmented_star_gene_counts.tsv	Transcriptome Profiling	Gene Expression Quantification	TCGA-PRAD	TCGA-J9-A52E	TCGA-J9-A52E-01A	Tumor	Primary	Solid Tissue	Unknown
51155a1f-fd67-46a1-a51f-e89fe4d874c4	906cf4d0-5a50-429b-b59f-1f5bddb46383.rna_seq.augmented_star_gene_counts.tsv	Transcriptome Profiling	Gene Expression Quantification	TCGA-PRAD	TCGA-CH-5771	TCGA-CH-5771-01A	Tumor	Primary	Unknown	Unknown
a1c5a889-097e-4a8b-a381-b0ef3c785bc6	4f973a84-c69b-493b-964d-96a985e433af.rna_seq.augmented_star_gene_counts.tsv	Transcriptome Profiling	Gene Expression Quantification	TCGA-PRAD	TCGA-G9-6343	TCGA-G9-6343-01A	Tumor	Primary	Solid Tissue	Unknown
57cbed7b-24d1-4704-b613-7539260edcfe	449f289b-d345-4b65-bfe1-ed0aaae0c083.rna_seq.augmented_star_gene_counts.tsv	Transcriptome Profiling	Gene Expression Quantification	TCGA-PRAD	TCGA-EJ-7328	TCGA-EJ-7328-11A	Normal	Not Applicable	Solid Tissue	Unknown
19f4b8b7-e241-45cd-88c3-ab787e901d3f	a905924a-3a0e-4481-98ac-3ca198021472.rna_seq.augmented_star_gene_counts.tsv	Transcriptome Profiling	Gene Expression Quantification	TCGA-PRAD	TCGA-EJ-5510	TCGA-EJ-5510-01A	Tumor	Primary	Unknown	Unknown
2e52df6b-2e33-4de4-8ae1-dca835193ce2	561b77d2-5158-44de-9711-8d6364bf67cf.rna_seq.augmented_star_gene_counts.tsv	Transcriptome Profiling	Gene Expression Quantification	TCGA-PRAD	TCGA-CH-5744	TCGA-CH-5744-01A	Tumor	Primary	Unknown	Unknown
d7ac10be-13c0-4f14-adc2-f754a924195b	71468bc8-084e-4567-817d-3bbcebe7440e.rna_seq.augmented_star_gene_counts.tsv	Transcriptome Profiling	Gene Expression Quantification	TCGA-PRAD	TCGA-EJ-5519	TCGA-EJ-5519-01A	Tumor	Primary	Unknown	Unknown
10e760a6-6410-4f2f-acdd-1cff022dfda9	cbab180a-e19b-44d2-8c37-c221c3fb5775.rna_seq.augmented_star_gene_counts.tsv	Transcriptome Profiling	Gene Expression Quantification	TCGA-PRAD	TCGA-CH-5737	TCGA-CH-5737-01A	Tumor	Primary	Unknown	Unknown
bb683708-6048-4c18-afd0-3cb48caaa2cc	0ed0d0c4-7fdd-45b3-808d-0f9626cccde6.rna_seq.augmented_star_gene_counts.tsv	Transcriptome Profiling	Gene Expression Quantification	TCGA-PRAD	TCGA-EJ-5507	TCGA-EJ-5507-01A	Tumor	Primary	Unknown	Unknown
10957836-8d8c-4cfb-965d-67e27514bf87	e37bcbb5-f659-46ca-94f2-092b8bf41c69.rna_seq.augmented_star_gene_counts.tsv	Transcriptome Profiling	Gene Expression Quantification	TCGA-PRAD	TCGA-HI-7170	TCGA-HI-7170-01A	Tumor	Primary	Solid Tissue	Unknown
818519ed-b190-43b8-a065-600bf80ce572	1cd0c754-f146-4f52-89b4-7e60ebeea281.rna_seq.augmented_star_gene_counts.tsv	Transcriptome Profiling	Gene Expression Quantification	TCGA-PRAD	TCGA-CH-5751	TCGA-CH-5751-01A	Tumor	Primary	Unknown	Unknown
677534b8-e9e9-421c-94d3-f50571c355f4	eed6ab73-90a3-4b63-9d82-8ae99f60c92d.rna_seq.augmented_star_gene_counts.tsv	Transcriptome Profiling	Gene Expression Quantification	TCGA-PRAD	TCGA-EJ-7330	TCGA-EJ-7330-11A	Normal	Not Applicable	Solid Tissue	Unknown
f3910669-3741-4120-8245-56d7353550a2	5b92e9a9-44ab-4806-8c91-aff1ca6a5aa1.rna_seq.augmented_star_gene_counts.tsv	Transcriptome Profiling	Gene Expression Quantification	TCGA-PRAD	TCGA-CH-5739	TCGA-CH-5739-01A	Tumor	Primary	Unknown	Unknown
578187d6-1510-4c26-ac25-b1df3183f502	b1467d5b-e034-4eb3-920f-fc6256ec3ce7.rna_seq.augmented_star_gene_counts.tsv	Transcriptome Profiling	Gene Expression Quantification	TCGA-PRAD	TCGA-EJ-7314	TCGA-EJ-7314-11A	Normal	Not Applicable	Solid Tissue	Unknown
1ee06261-6298-41fa-a253-145d457772e1	809e643c-4d9a-49e9-b158-35104ae7187f.rna_seq.augmented_star_gene_counts.tsv	Transcriptome Profiling	Gene Expression Quantification	TCGA-PRAD	TCGA-G9-6348	TCGA-G9-6348-11A	Normal	Not Applicable	Solid Tissue	Unknown
33567878-1c38-4db6-a079-65e20107d5e1	ba9a239e-08e7-4554-87b0-beddfb00ecd9.rna_seq.augmented_star_gene_counts.tsv	Transcriptome Profiling	Gene Expression Quantification	TCGA-PRAD	TCGA-HC-7740	TCGA-HC-7740-01B	Tumor	Primary	Solid Tissue	FFPE
5c82c597-eca2-4a4c-890c-c797c458438b	385da11a-37d3-4b76-b6a5-4a623516aac4.rna_seq.augmented_star_gene_counts.tsv	Transcriptome Profiling	Gene Expression Quantification	TCGA-PRAD	TCGA-HI-7171	TCGA-HI-7171-01A	Tumor	Primary	Solid Tissue	Unknown
34eb7ee8-dc28-4a26-b69c-9cd856975762	8711d19a-7b6d-42ef-90bd-72cbb254dcaa.rna_seq.augmented_star_gene_counts.tsv	Transcriptome Profiling	Gene Expression Quantification	TCGA-PRAD	TCGA-G9-6367	TCGA-G9-6367-01A	Tumor	Primary	Solid Tissue	Unknown
84a81bac-6f26-4787-b7a6-8abab21ef7eb	b05e342c-7c99-4ce4-8f5c-19dc88bc516a.rna_seq.augmented_star_gene_counts.tsv	Transcriptome Profiling	Gene Expression Quantification	TCGA-PRAD	TCGA-EJ-7786	TCGA-EJ-7786-11A	Normal	Not Applicable	Solid Tissue	Unknown
5834d2d7-4c93-4760-bf63-65a6dc17410e	069364e3-6833-407a-b86b-46d055afc10a.rna_seq.augmented_star_gene_counts.tsv	Transcriptome Profiling	Gene Expression Quantification	TCGA-PRAD	TCGA-EJ-7786	TCGA-EJ-7786-01A	Tumor	Primary	Solid Tissue	Unknown
f6c60113-8a55-48fc-85b5-46bf99db08f8	10eecc1d-096b-4664-a001-713f19ce82f1.rna_seq.augmented_star_gene_counts.tsv	Transcriptome Profiling	Gene Expression Quantification	TCGA-PRAD	TCGA-CH-5766	TCGA-CH-5766-01A	Tumor	Primary	Unknown	Unknown
f59de1b4-208e-46e3-9361-a8377c9581e5	3fa7a7eb-706a-48f0-a14c-e2328845a82c.rna_seq.augmented_star_gene_counts.tsv	Transcriptome Profiling	Gene Expression Quantification	TCGA-PRAD	TCGA-CH-5794	TCGA-CH-5794-01A	Tumor	Primary	Unknown	Unknown
cf9da75a-2cd7-4ac3-971c-48000803d0e7	d847d087-8da7-438a-9073-fa247cda1981.rna_seq.augmented_star_gene_counts.tsv	Transcriptome Profiling	Gene Expression Quantification	TCGA-PRAD	TCGA-G9-6384	TCGA-G9-6384-11A	Normal	Not Applicable	Solid Tissue	Unknown
a0911555-5095-463b-8d22-cb236576e6f6	ddc040fb-0f77-4683-8d72-e38208361e4e.rna_seq.augmented_star_gene_counts.tsv	Transcriptome Profiling	Gene Expression Quantification	TCGA-PRAD	TCGA-CH-5769	TCGA-CH-5769-11A	Normal	Not Applicable	Solid Tissue	Unknown
bb1978ce-e06c-44f5-9d5e-59d89217a313	fe9e48c0-0a9e-47cb-983a-027e75c9591e.rna_seq.augmented_star_gene_counts.tsv	Transcriptome Profiling	Gene Expression Quantification	TCGA-PRAD	TCGA-FC-7961	TCGA-FC-7961-01A	Tumor	Primary	Solid Tissue	Unknown
dfa0ff6f-bcc8-440f-b9a5-c8e24e0f8f4a	7ca13770-549b-48a0-97aa-7af7cb709997.rna_seq.augmented_star_gene_counts.tsv	Transcriptome Profiling	Gene Expression Quantification	TCGA-PRAD	TCGA-EJ-7794	TCGA-EJ-7794-01A	Tumor	Primary	Solid Tissue	Unknown
e816de3b-fae9-4081-ba8e-a4b9d0c6e046	ba632c2b-9b5a-434b-967a-863d3516fe24.rna_seq.augmented_star_gene_counts.tsv	Transcriptome Profiling	Gene Expression Quantification	TCGA-PRAD	TCGA-EJ-7794	TCGA-EJ-7794-11A	Normal	Not Applicable	Solid Tissue	Unknown
1db84a0e-7ed1-423a-918e-23ac556360df	45950878-b6ec-4fcd-b4d4-fb7f6cde5a63.rna_seq.augmented_star_gene_counts.tsv	Transcriptome Profiling	Gene Expression Quantification	TCGA-PRAD	TCGA-EJ-7331	TCGA-EJ-7331-11A	Normal	Not Applicable	Solid Tissue	Unknown
88097c6d-9276-41ab-adfa-eadb2f3b6fbc	7d7a06a1-ecbd-4236-b85e-c59cf6bc2cf5.rna_seq.augmented_star_gene_counts.tsv	Transcriptome Profiling	Gene Expression Quantification	TCGA-PRAD	TCGA-HC-7231	TCGA-HC-7231-01A	Tumor	Primary	Solid Tissue	Unknown
8a3152f5-82ae-45fd-a47c-16faef15c86d	e3c5a10a-81cf-459b-82f5-0448d8f1665d.rna_seq.augmented_star_gene_counts.tsv	Transcriptome Profiling	Gene Expression Quantification	TCGA-PRAD	TCGA-G9-6363	TCGA-G9-6363-11A	Normal	Not Applicable	Solid Tissue	Unknown
09470372-94fe-42e0-99ec-b8a0e7f0f859	12526a38-cd23-4a2c-be11-af4fd85d8b63.rna_seq.augmented_star_gene_counts.tsv	Transcriptome Profiling	Gene Expression Quantification	TCGA-PRAD	TCGA-G9-6332	TCGA-G9-6332-01A	Tumor	Primary	Solid Tissue	Unknown
52fa0762-2a6a-467f-8ab8-aaf136320f0d	8ebceec7-53cb-4ff6-9ecd-bac533d47117.rna_seq.augmented_star_gene_counts.tsv	Transcriptome Profiling	Gene Expression Quantification	TCGA-PRAD	TCGA-CH-5740	TCGA-CH-5740-01A	Tumor	Primary	Unknown	Unknown
d4071c30-e83b-4457-a689-5d3f540529d4	7e4416dd-d962-4838-8b85-641270b6b10a.rna_seq.augmented_star_gene_counts.tsv	Transcriptome Profiling	Gene Expression Quantification	TCGA-PRAD	TCGA-G9-6496	TCGA-G9-6496-01A	Tumor	Primary	Solid Tissue	Unknown
9310161e-9fb6-46fe-acd4-76945012bdfd	3c9a5028-549e-4675-9f3c-4cc9cbe5390c.rna_seq.augmented_star_gene_counts.tsv	Transcriptome Profiling	Gene Expression Quantification	TCGA-PRAD	TCGA-G9-7521	TCGA-G9-7521-01A	Tumor	Primary	Solid Tissue	Unknown
5229dbbf-4505-4239-8285-8c6ab0c68e3e	0761bdc2-e1d4-4744-b1d7-c556902457bb.rna_seq.augmented_star_gene_counts.tsv	Transcriptome Profiling	Gene Expression Quantification	TCGA-PRAD	TCGA-HC-7233	TCGA-HC-7233-01A	Tumor	Primary	Solid Tissue	Unknown
7fdc3295-81f3-4cfe-9a71-ec28cf13ee8f	34d1151a-2725-4259-a1d1-2b0027c65b45.rna_seq.augmented_star_gene_counts.tsv	Transcriptome Profiling	Gene Expression Quantification	TCGA-PRAD	TCGA-HC-8258	TCGA-HC-8258-01B	Tumor	Primary	Solid Tissue	FFPE
8a3d6d97-cbdf-41ce-acc0-28248199cbab	2d6e0234-f5e1-435d-87c3-cbe59f481994.rna_seq.augmented_star_gene_counts.tsv	Transcriptome Profiling	Gene Expression Quantification	TCGA-PRAD	TCGA-G9-6499	TCGA-G9-6499-11A	Normal	Not Applicable	Solid Tissue	Unknown
416c16ea-e15a-474c-95f8-420a57c0e914	a2dc42c7-07df-48a9-9c59-15ac4bcefc7f.rna_seq.augmented_star_gene_counts.tsv	Transcriptome Profiling	Gene Expression Quantification	TCGA-PRAD	TCGA-G9-7519	TCGA-G9-7519-01A	Tumor	Primary	Solid Tissue	Unknown
2354013f-1b41-4e7b-8756-5697fa8757fd	267d31a0-a45b-4404-88c4-fe6a0f11aa3a.rna_seq.augmented_star_gene_counts.tsv	Transcriptome Profiling	Gene Expression Quantification	TCGA-PRAD	TCGA-HC-8260	TCGA-HC-8260-11A	Normal	Not Applicable	Solid Tissue	Unknown
3e79cd9e-ecd4-454c-b05e-b35d49cb962c	c495edb5-8924-4cb0-813a-dfa9599da7f1.rna_seq.augmented_star_gene_counts.tsv	Transcriptome Profiling	Gene Expression Quantification	TCGA-PRAD	TCGA-G9-6378	TCGA-G9-6378-01A	Tumor	Primary	Solid Tissue	Unknown
418d89ca-5818-48b5-8aae-9346dd96af2d	1c6e4a49-5f6a-4987-b79e-ebef96ba4cee.rna_seq.augmented_star_gene_counts.tsv	Transcriptome Profiling	Gene Expression Quantification	TCGA-PRAD	TCGA-EJ-7782	TCGA-EJ-7782-11A	Normal	Not Applicable	Solid Tissue	Unknown
46a9d30b-088c-4c0b-b161-07c4699272a1	2ee0b31d-a045-4746-b815-f6c1acc387b9.rna_seq.augmented_star_gene_counts.tsv	Transcriptome Profiling	Gene Expression Quantification	TCGA-PRAD	TCGA-EJ-5542	TCGA-EJ-5542-01A	Tumor	Primary	Unknown	Unknown
a846ce2b-ba77-463a-88d9-75041e8024e0	54498dee-7413-4b90-971a-2abd1d9aa5d2.rna_seq.augmented_star_gene_counts.tsv	Transcriptome Profiling	Gene Expression Quantification	TCGA-PRAD	TCGA-HI-7169	TCGA-HI-7169-01A	Tumor	Primary	Solid Tissue	Unknown
75f59037-6d20-47f5-8cc2-3c02b20bafb3	4b4203b9-f7c4-4013-9c0b-f84ad13e5fe2.rna_seq.augmented_star_gene_counts.tsv	Transcriptome Profiling	Gene Expression Quantification	TCGA-PRAD	TCGA-EJ-5518	TCGA-EJ-5518-01A	Tumor	Primary	Unknown	Unknown
dee38ede-3869-4ee0-b01a-ea823d8fe3ea	c26ce529-e064-4389-9d64-36d9f6046971.rna_seq.augmented_star_gene_counts.tsv	Transcriptome Profiling	Gene Expression Quantification	TCGA-PRAD	TCGA-CH-5743	TCGA-CH-5743-01A	Tumor	Primary	Unknown	Unknown
ec6a7813-382a-40f4-add7-b51329b43b45	a20170ce-5dd8-47e4-bdba-741cf08a1144.rna_seq.augmented_star_gene_counts.tsv	Transcriptome Profiling	Gene Expression Quantification	TCGA-PRAD	TCGA-EJ-7785	TCGA-EJ-7785-11A	Normal	Not Applicable	Solid Tissue	Unknown
88e4e48c-b3f2-43a1-b25b-c9cc254fd0b6	a3320ee3-e016-49c7-bbba-395240538ff7.rna_seq.augmented_star_gene_counts.tsv	Transcriptome Profiling	Gene Expression Quantification	TCGA-PRAD	TCGA-EJ-7781	TCGA-EJ-7781-11A	Normal	Not Applicable	Solid Tissue	Unknown
94893645-c3b9-4cac-a27e-4c120742e18b	f15f5612-a9b1-47f7-9296-707fb60f395e.rna_seq.augmented_star_gene_counts.tsv	Transcriptome Profiling	Gene Expression Quantification	TCGA-PRAD	TCGA-EJ-7328	TCGA-EJ-7328-01A	Tumor	Primary	Solid Tissue	Unknown
0dacffa4-34d3-4e1c-b189-c0dc465d28a8	ef1924c4-8986-4235-b135-d3d0fbdbacf0.rna_seq.augmented_star_gene_counts.tsv	Transcriptome Profiling	Gene Expression Quantification	TCGA-PRAD	TCGA-EJ-5524	TCGA-EJ-5524-01A	Tumor	Primary	Unknown	Unknown
06d4e72e-c4bb-45be-8a1b-c5c171f0df1d	9fa77b4e-724d-4551-9418-3993bd28565e.rna_seq.augmented_star_gene_counts.tsv	Transcriptome Profiling	Gene Expression Quantification	TCGA-PRAD	TCGA-EJ-7784	TCGA-EJ-7784-01A	Tumor	Primary	Solid Tissue	Unknown
8f1b4d8a-4845-4774-9fc2-0a459303bef8	2c022016-756e-4cbf-9baa-dab196b6e715.rna_seq.augmented_star_gene_counts.tsv	Transcriptome Profiling	Gene Expression Quantification	TCGA-PRAD	TCGA-EJ-7784	TCGA-EJ-7784-11A	Normal	Not Applicable	Solid Tissue	Unknown
8a9f0404-2863-48b2-ac85-1c282807891c	8626d520-d900-41dd-aa62-ae46c084f4d9.rna_seq.augmented_star_gene_counts.tsv	Transcriptome Profiling	Gene Expression Quantification	TCGA-PRAD	TCGA-EJ-5517	TCGA-EJ-5517-01A	Tumor	Primary	Unknown	Unknown
a6dfabda-4dec-46bb-80db-22b299e858a2	fa5373b9-6895-41ff-8dc7-83d56253d5d8.rna_seq.augmented_star_gene_counts.tsv	Transcriptome Profiling	Gene Expression Quantification	TCGA-PRAD	TCGA-EJ-7318	TCGA-EJ-7318-01B	Tumor	Primary	Unknown	OCT
19687c96-30a3-4f24-ba15-2fbd1093c49f	b6387b44-c674-48e7-a05a-ace52b7b9a55.rna_seq.augmented_star_gene_counts.tsv	Transcriptome Profiling	Gene Expression Quantification	TCGA-PRAD	TCGA-CH-5746	TCGA-CH-5746-01A	Tumor	Primary	Unknown	Unknown
a2dc911b-65d3-471e-807e-83ac0be20042	6eb8366a-7861-4ab9-a5c6-7f576e11a9ca.rna_seq.augmented_star_gene_counts.tsv	Transcriptome Profiling	Gene Expression Quantification	TCGA-PRAD	TCGA-HC-7745	TCGA-HC-7745-01A	Tumor	Primary	Solid Tissue	Unknown
7e37fa46-f809-4e8a-8a5e-a8b220d4e5c1	bcfc334c-55ef-424c-aa8a-1be56dde1dc7.rna_seq.augmented_star_gene_counts.tsv	Transcriptome Profiling	Gene Expression Quantification	TCGA-PRAD	TCGA-EJ-7317	TCGA-EJ-7317-11A	Normal	Not Applicable	Solid Tissue	Unknown
d777c666-80ed-4878-9a9f-0f78a1d1caaf	7a3c3464-c1ab-4ff7-b826-c6f38d15b684.rna_seq.augmented_star_gene_counts.tsv	Transcriptome Profiling	Gene Expression Quantification	TCGA-PRAD	TCGA-EJ-5496	TCGA-EJ-5496-01A	Tumor	Primary	Unknown	Unknown
325d3955-791a-4254-9fdb-6be83f3eb1af	1aa83ee2-efa2-4e0b-b8ca-a0d6238e44b6.rna_seq.augmented_star_gene_counts.tsv	Transcriptome Profiling	Gene Expression Quantification	TCGA-PRAD	TCGA-HC-7738	TCGA-HC-7738-01A	Tumor	Primary	Solid Tissue	Unknown
59f8dfb4-05e2-4737-93fb-d35bb1f81d15	c4805f6c-2047-4d11-be88-c0c4358c2adb.rna_seq.augmented_star_gene_counts.tsv	Transcriptome Profiling	Gene Expression Quantification	TCGA-PRAD	TCGA-CH-5765	TCGA-CH-5765-01A	Tumor	Primary	Unknown	Unknown
45aa72b6-399c-4c73-ae83-518148043a4b	d8fdbb83-72e8-45e4-b7aa-be798aa450c7.rna_seq.augmented_star_gene_counts.tsv	Transcriptome Profiling	Gene Expression Quantification	TCGA-PRAD	TCGA-G9-6365	TCGA-G9-6365-01A	Tumor	Primary	Solid Tissue	Unknown
0c99fd7e-87f9-4e82-82bb-9b35f3b3f671	7adecba0-ebe5-40c3-89db-39a213167a3a.rna_seq.augmented_star_gene_counts.tsv	Transcriptome Profiling	Gene Expression Quantification	TCGA-PRAD	TCGA-EJ-5498	TCGA-EJ-5498-01A	Tumor	Primary	Unknown	Unknown
e9d0c27d-5e43-483f-99af-379021c280d6	f988be8d-8a9f-44ae-9889-e2d8b7856f2d.rna_seq.augmented_star_gene_counts.tsv	Transcriptome Profiling	Gene Expression Quantification	TCGA-PRAD	TCGA-EJ-7330	TCGA-EJ-7330-01A	Tumor	Primary	Solid Tissue	Unknown
504e52c8-59b3-4df3-87eb-00c09df3c1d6	14f16400-7390-4e59-8f62-64b567d16e51.rna_seq.augmented_star_gene_counts.tsv	Transcriptome Profiling	Gene Expression Quantification	TCGA-PRAD	TCGA-HC-8264	TCGA-HC-8264-01B	Tumor	Primary	Solid Tissue	Unknown
a149b835-a3bb-43d8-8b40-3a84bcf46e89	97a3dddc-9e26-4b4e-9eec-e881c3c15c5f.rna_seq.augmented_star_gene_counts.tsv	Transcriptome Profiling	Gene Expression Quantification	TCGA-PRAD	TCGA-CH-5761	TCGA-CH-5761-11A	Normal	Not Applicable	Solid Tissue	Unknown
8566706e-8389-44ea-a630-9286a85bfcbf	ef5f66a4-d6e5-4ac5-a4ec-5cd3f860b7ff.rna_seq.augmented_star_gene_counts.tsv	Transcriptome Profiling	Gene Expression Quantification	TCGA-PRAD	TCGA-CH-5792	TCGA-CH-5792-01A	Tumor	Primary	Unknown	Unknown
73577d97-5db6-4874-882d-e925809658dd	a911ae7d-a626-44d7-9004-48e9f01894a5.rna_seq.augmented_star_gene_counts.tsv	Transcriptome Profiling	Gene Expression Quantification	TCGA-PRAD	TCGA-HC-7212	TCGA-HC-7212-01A	Tumor	Primary	Solid Tissue	Unknown
6f252e85-60a0-4c6f-9ce8-ba28cfc7c846	bae4d699-6a41-4618-bd14-9652f58511ce.rna_seq.augmented_star_gene_counts.tsv	Transcriptome Profiling	Gene Expression Quantification	TCGA-PRAD	TCGA-HC-7736	TCGA-HC-7736-01A	Tumor	Primary	Solid Tissue	Unknown
11ef7a70-afe8-4882-a705-20623aa0b3fb	3ca55cbb-f5ea-48b3-9f4e-86676042660c.rna_seq.augmented_star_gene_counts.tsv	Transcriptome Profiling	Gene Expression Quantification	TCGA-PRAD	TCGA-CH-5767	TCGA-CH-5767-01A	Tumor	Primary	Solid Tissue	Unknown
3d6e64d2-5a31-4556-b263-dbe8d6d1ebaa	07532a39-80d0-436e-a2aa-fa172c9d21ff.rna_seq.augmented_star_gene_counts.tsv	Transcriptome Profiling	Gene Expression Quantification	TCGA-PRAD	TCGA-EJ-5495	TCGA-EJ-5495-01A	Tumor	Primary	Unknown	Unknown
530b5cef-85eb-4ee2-b21a-a5014ebc8c64	08159a41-8f71-42a3-94a7-c4f9579e5b34.rna_seq.augmented_star_gene_counts.tsv	Transcriptome Profiling	Gene Expression Quantification	TCGA-PRAD	TCGA-G9-7523	TCGA-G9-7523-01A	Tumor	Primary	Solid Tissue	Unknown
20fe34de-d7c4-4af6-8dae-b3998204e108	9f3fbf9b-8a8f-435e-9d9b-902738d9e308.rna_seq.augmented_star_gene_counts.tsv	Transcriptome Profiling	Gene Expression Quantification	TCGA-PRAD	TCGA-HC-7752	TCGA-HC-7752-01A	Tumor	Primary	Solid Tissue	Unknown
76d4a24e-56c2-4ac0-97d6-1a7ddc8f286f	7d163b13-0e81-4f37-b276-32b889834157.rna_seq.augmented_star_gene_counts.tsv	Transcriptome Profiling	Gene Expression Quantification	TCGA-PRAD	TCGA-HC-7752	TCGA-HC-7752-11A	Normal	Not Applicable	Solid Tissue	Unknown
7cd5bc12-af72-4867-bbdc-5596ee265576	87b68e89-fab0-431d-a99b-04468de6a4a8.rna_seq.augmented_star_gene_counts.tsv	Transcriptome Profiling	Gene Expression Quantification	TCGA-PRAD	TCGA-HC-7078	TCGA-HC-7078-01A	Tumor	Primary	Solid Tissue	Unknown
0379c8cf-e9ab-44a7-a737-7a78ccd4fc55	d366a38e-1af8-4840-93a9-7848b461449d.rna_seq.augmented_star_gene_counts.tsv	Transcriptome Profiling	Gene Expression Quantification	TCGA-PRAD	TCGA-HC-7820	TCGA-HC-7820-01A	Tumor	Primary	Solid Tissue	Unknown
ef9fb7bf-d47a-489a-ae30-eb58640c2f9f	706165b8-69be-4666-940f-52c044f163e5.rna_seq.augmented_star_gene_counts.tsv	Transcriptome Profiling	Gene Expression Quantification	TCGA-PRAD	TCGA-G9-6384	TCGA-G9-6384-01A	Tumor	Primary	Solid Tissue	Unknown
70fb2f55-a31a-4074-b1fe-bf38968e8654	fd634fc1-ecd0-4e31-8410-64f0a26fb050.rna_seq.augmented_star_gene_counts.tsv	Transcriptome Profiling	Gene Expression Quantification	TCGA-PRAD	TCGA-CH-5769	TCGA-CH-5769-01A	Tumor	Primary	Unknown	Unknown
991cfe91-4257-4825-889a-d434b29a3002	ef512413-a2b3-400f-813b-ed90dd063ceb.rna_seq.augmented_star_gene_counts.tsv	Transcriptome Profiling	Gene Expression Quantification	TCGA-PRAD	TCGA-EJ-5531	TCGA-EJ-5531-01A	Tumor	Primary	Unknown	Unknown
17606720-0f73-4145-894c-dda680498dea	a3470c00-a3fb-4538-9cfb-91c719f16e6f.rna_seq.augmented_star_gene_counts.tsv	Transcriptome Profiling	Gene Expression Quantification	TCGA-PRAD	TCGA-CH-5745	TCGA-CH-5745-01A	Tumor	Primary	Unknown	Unknown
212e7777-5a67-4bf0-880a-cd5cd5374d4b	385803b3-0319-4122-8142-787a5e074007.rna_seq.augmented_star_gene_counts.tsv	Transcriptome Profiling	Gene Expression Quantification	TCGA-PRAD	TCGA-EJ-5532	TCGA-EJ-5532-01A	Tumor	Primary	Unknown	Unknown
ae0dd2a4-d531-4fee-b5ff-567b9e70e8ec	4c6678c0-7bf8-418d-a1ee-83b6b73d0217.rna_seq.augmented_star_gene_counts.tsv	Transcriptome Profiling	Gene Expression Quantification	TCGA-PRAD	TCGA-EJ-7125	TCGA-EJ-7125-11A	Normal	Not Applicable	Solid Tissue	Unknown
5fb96f5d-1bb4-4439-836e-842fb2560e49	7c13f1bd-dace-4c1c-95ae-348c74f2768a.rna_seq.augmented_star_gene_counts.tsv	Transcriptome Profiling	Gene Expression Quantification	TCGA-PRAD	TCGA-CH-5741	TCGA-CH-5741-01A	Tumor	Primary	Unknown	Unknown
cc044407-96e8-4f0d-95e1-b651458893cf	328247b9-0404-48e2-8ee7-2c3afc12af6b.rna_seq.augmented_star_gene_counts.tsv	Transcriptome Profiling	Gene Expression Quantification	TCGA-PRAD	TCGA-G9-6363	TCGA-G9-6363-01A	Tumor	Primary	Solid Tissue	Unknown
619c0800-333f-4a9d-a56b-356ec11df44c	925c3c30-6794-450d-87bc-704ff9cde1a3.rna_seq.augmented_star_gene_counts.tsv	Transcriptome Profiling	Gene Expression Quantification	TCGA-PRAD	TCGA-EJ-5527	TCGA-EJ-5527-01A	Tumor	Primary	Unknown	Unknown
4a794784-0d1a-4496-882c-292561e9a3a4	3f5c4f2e-70cc-4058-af97-b401273968b1.rna_seq.augmented_star_gene_counts.tsv	Transcriptome Profiling	Gene Expression Quantification	TCGA-PRAD	TCGA-G9-6353	TCGA-G9-6353-01A	Tumor	Primary	Solid Tissue	Unknown
cff79e8d-074b-45a0-ba1d-503e1edc96ce	1c1bb4b6-2831-4ceb-9218-988f95de0059.rna_seq.augmented_star_gene_counts.tsv	Transcriptome Profiling	Gene Expression Quantification	TCGA-PRAD	TCGA-EJ-5508	TCGA-EJ-5508-01A	Tumor	Primary	Unknown	Unknown
7357cc83-fffc-48fb-a7b6-1d1088854061	b42fe747-93c0-4232-b759-01fb998838ea.rna_seq.augmented_star_gene_counts.tsv	Transcriptome Profiling	Gene Expression Quantification	TCGA-PRAD	TCGA-CH-5789	TCGA-CH-5789-01A	Tumor	Primary	Unknown	Unknown
522d29e0-d11e-446c-a286-6d1876b0c5e6	049c8eeb-7701-4c2c-a510-2060b67eef2e.rna_seq.augmented_star_gene_counts.tsv	Transcriptome Profiling	Gene Expression Quantification	TCGA-PRAD	TCGA-EJ-5512	TCGA-EJ-5512-01A	Tumor	Primary	Unknown	Unknown
f4f06841-c4df-456b-9b60-c1c40b5aa8e0	d5365384-47d2-4ee2-87cb-1ba9dde8e92c.rna_seq.augmented_star_gene_counts.tsv	Transcriptome Profiling	Gene Expression Quantification	TCGA-PRAD	TCGA-CH-5752	TCGA-CH-5752-01A	Tumor	Primary	Unknown	Unknown
9e806a5f-5410-4b6f-80b8-aa34ae25811d	3e1a5f37-e0ce-4a77-8114-493468819496.rna_seq.augmented_star_gene_counts.tsv	Transcriptome Profiling	Gene Expression Quantification	TCGA-PRAD	TCGA-G9-6366	TCGA-G9-6366-01A	Tumor	Primary	Solid Tissue	Unknown
8207dbc1-61c6-4f2d-b92c-a43d495091a6	3cfa67c8-c49a-48ac-aa3b-b8dcd3011e48.rna_seq.augmented_star_gene_counts.tsv	Transcriptome Profiling	Gene Expression Quantification	TCGA-PRAD	TCGA-EJ-7793	TCGA-EJ-7793-11A	Normal	Not Applicable	Solid Tissue	Unknown
798e8937-3d4a-4dea-95c2-3456c087578d	f43b0acc-e89b-4421-ad36-067f80445f4f.rna_seq.augmented_star_gene_counts.tsv	Transcriptome Profiling	Gene Expression Quantification	TCGA-PRAD	TCGA-EJ-8469	TCGA-EJ-8469-01A	Tumor	Primary	Solid Tissue	Unknown
107b0ba8-f479-42dc-a916-385b845a162c	4236c2a3-cd2d-4495-941c-a79315a7522b.rna_seq.augmented_star_gene_counts.tsv	Transcriptome Profiling	Gene Expression Quantification	TCGA-PRAD	TCGA-HC-8258	TCGA-HC-8258-01A	Tumor	Primary	Solid Tissue	Unknown
da172bd1-7124-4331-b8c6-b9cf9fcfb694	d618e3ec-e9d8-4dbc-ab5e-7071eaab9e9a.rna_seq.augmented_star_gene_counts.tsv	Transcriptome Profiling	Gene Expression Quantification	TCGA-PRAD	TCGA-EJ-7218	TCGA-EJ-7218-01B	Tumor	Primary	Unknown	OCT
656d9a0e-8b02-41ef-abdb-ed3e59872154	99a17ccf-208a-4233-8738-5fecf2914855.rna_seq.augmented_star_gene_counts.tsv	Transcriptome Profiling	Gene Expression Quantification	TCGA-PRAD	TCGA-EJ-5530	TCGA-EJ-5530-01A	Tumor	Primary	Unknown	Unknown
2f6ca933-3daf-41dc-9403-880fa45ef36c	60028d9d-c8e5-4c4e-a75c-cc3df6f2eea1.rna_seq.augmented_star_gene_counts.tsv	Transcriptome Profiling	Gene Expression Quantification	TCGA-PRAD	TCGA-EJ-7327	TCGA-EJ-7327-11A	Normal	Not Applicable	Solid Tissue	Unknown
34d3e37e-42d8-463d-a00e-cc587890ae50	33321f4f-d814-4792-9613-b3e878f6da48.rna_seq.augmented_star_gene_counts.tsv	Transcriptome Profiling	Gene Expression Quantification	TCGA-PRAD	TCGA-EJ-7327	TCGA-EJ-7327-01A	Tumor	Primary	Solid Tissue	Unknown
9de7e6cd-f51b-421b-a794-a409aa131cdd	c9c2e495-befd-4bdf-a93c-71d130dcb566.rna_seq.augmented_star_gene_counts.tsv	Transcriptome Profiling	Gene Expression Quantification	TCGA-PRAD	TCGA-HC-7818	TCGA-HC-7818-01A	Tumor	Primary	Solid Tissue	Unknown
ce7345b1-bbb9-4137-bfca-a05e2b71f9b8	44352853-702a-4693-85e9-0160c40089aa.rna_seq.augmented_star_gene_counts.tsv	Transcriptome Profiling	Gene Expression Quantification	TCGA-PRAD	TCGA-HC-7211	TCGA-HC-7211-01A	Tumor	Primary	Solid Tissue	Unknown
714864bb-2d5b-46f5-ac93-abb2f0a917a6	d1880019-5bce-47c7-8f0a-954f5fa9ccc9.rna_seq.augmented_star_gene_counts.tsv	Transcriptome Profiling	Gene Expression Quantification	TCGA-PRAD	TCGA-EJ-5526	TCGA-EJ-5526-01A	Tumor	Primary	Unknown	Unknown
2b5963dc-6bbd-4541-a6ed-19fcc046fc10	e0a5bbff-b48d-4975-8550-1efa50c29dd0.rna_seq.augmented_star_gene_counts.tsv	Transcriptome Profiling	Gene Expression Quantification	TCGA-PRAD	TCGA-HC-8261	TCGA-HC-8261-01A	Tumor	Primary	Solid Tissue	Unknown
653d54b0-3a4b-4d64-acb0-219b18b44b7d	d18c7f8e-069f-4c6f-95b8-0a8ec9d00337.rna_seq.augmented_star_gene_counts.tsv	Transcriptome Profiling	Gene Expression Quantification	TCGA-PRAD	TCGA-HC-8261	TCGA-HC-8261-01B	Tumor	Primary	Solid Tissue	FFPE
6b45fbc6-3691-469a-b245-538e964bece3	30cf3bda-a1b6-45c3-988e-eb936428ec37.rna_seq.augmented_star_gene_counts.tsv	Transcriptome Profiling	Gene Expression Quantification	TCGA-PRAD	TCGA-G9-7525	TCGA-G9-7525-01A	Tumor	Primary	Solid Tissue	Unknown
6626903a-d832-472d-a5ed-a76fb4f1c6b8	24adda2b-ee91-4d2e-83fc-154ad17903f8.rna_seq.augmented_star_gene_counts.tsv	Transcriptome Profiling	Gene Expression Quantification	TCGA-PRAD	TCGA-HC-7747	TCGA-HC-7747-01A	Tumor	Primary	Solid Tissue	Unknown
207a5cf3-061a-4766-b857-99b807de2649	7f718fea-427e-49d8-bf98-6b18439e093e.rna_seq.augmented_star_gene_counts.tsv	Transcriptome Profiling	Gene Expression Quantification	TCGA-PRAD	TCGA-CH-5768	TCGA-CH-5768-11A	Normal	Not Applicable	Solid Tissue	Unknown
2692911e-0ca2-4756-8613-d7c943bc3ae1	879f8ca7-b94f-496d-94d3-a93571c1a6e7.rna_seq.augmented_star_gene_counts.tsv	Transcriptome Profiling	Gene Expression Quantification	TCGA-PRAD	TCGA-HC-7744	TCGA-HC-7744-01A	Tumor	Primary	Solid Tissue	Unknown
68caa1a5-bea8-4191-b96b-92d6adab99eb	67415aab-0b1b-4b52-bdc7-c1240de53a40.rna_seq.augmented_star_gene_counts.tsv	Transcriptome Profiling	Gene Expression Quantification	TCGA-PRAD	TCGA-EJ-7797	TCGA-EJ-7797-11A	Normal	Not Applicable	Solid Tissue	Unknown
d1bcb0c7-f603-4597-ae5a-83bf294d715d	10b332c1-5e60-4a3a-8f82-402892ea832d.rna_seq.augmented_star_gene_counts.tsv	Transcriptome Profiling	Gene Expression Quantification	TCGA-PRAD	TCGA-EJ-5499	TCGA-EJ-5499-01A	Tumor	Primary	Unknown	Unknown
50354900-3c3a-4e11-9bd9-e44fbaea7a9e	5007de0a-0d57-4bbd-96fc-a17d74f17c7c.rna_seq.augmented_star_gene_counts.tsv	Transcriptome Profiling	Gene Expression Quantification	TCGA-PRAD	TCGA-HC-8266	TCGA-HC-8266-01A	Tumor	Primary	Solid Tissue	Unknown
d2991379-a850-411b-98b7-7917283071c7	ac75a6fb-4caf-4edd-a119-85e7eaa99a64.rna_seq.augmented_star_gene_counts.tsv	Transcriptome Profiling	Gene Expression Quantification	TCGA-PRAD	TCGA-G9-6370	TCGA-G9-6370-01A	Tumor	Primary	Solid Tissue	Unknown
f98b15ec-bf28-4461-9fee-aaed0f6213e8	b2dc28e3-9f5b-45f3-8477-ad360e8c229b.rna_seq.augmented_star_gene_counts.tsv	Transcriptome Profiling	Gene Expression Quantification	TCGA-PRAD	TCGA-G9-6369	TCGA-G9-6369-01A	Tumor	Primary	Solid Tissue	Unknown
79958b9d-8660-45b6-a9e9-3b7d7c3bc8bc	ca8de3ae-b88e-455b-88a7-8965e9bb1db7.rna_seq.augmented_star_gene_counts.tsv	Transcriptome Profiling	Gene Expression Quantification	TCGA-PRAD	TCGA-EJ-5504	TCGA-EJ-5504-01A	Tumor	Primary	Unknown	Unknown
a3f39b2d-3f1e-48cf-91ed-78848217e7f2	3d788114-35e1-4ba5-a16c-39a3056b78fa.rna_seq.augmented_star_gene_counts.tsv	Transcriptome Profiling	Gene Expression Quantification	TCGA-PRAD	TCGA-EJ-5494	TCGA-EJ-5494-01A	Tumor	Primary	Unknown	Unknown
553daef5-9cde-42f2-a921-f7f90d087886	ff2ba139-f4fb-43a7-8f9d-4a33c94e0381.rna_seq.augmented_star_gene_counts.tsv	Transcriptome Profiling	Gene Expression Quantification	TCGA-PRAD	TCGA-HC-7211	TCGA-HC-7211-11A	Normal	Not Applicable	Solid Tissue	Unknown
70f347e4-6cc4-405d-95ce-d6a38f57507e	005d2b9e-722c-40bd-aa5c-bd4e8842cb04.rna_seq.augmented_star_gene_counts.tsv	Transcriptome Profiling	Gene Expression Quantification	TCGA-PRAD	TCGA-H9-7775	TCGA-H9-7775-01A	Tumor	Primary	Solid Tissue	Unknown
c71c2f56-7a3c-40dd-8b7e-162a3b975cc9	0163f5ea-d08b-46db-a02e-ff5977658f6b.rna_seq.augmented_star_gene_counts.tsv	Transcriptome Profiling	Gene Expression Quantification	TCGA-PRAD	TCGA-G9-6362	TCGA-G9-6362-01A	Tumor	Primary	Solid Tissue	Unknown
8e66275b-3b15-4701-8cc7-a137806b87ae	3b54fd87-6631-4ae9-b303-bc14ffa51685.rna_seq.augmented_star_gene_counts.tsv	Transcriptome Profiling	Gene Expression Quantification	TCGA-PRAD	TCGA-G9-6351	TCGA-G9-6351-01A	Tumor	Primary	Solid Tissue	Unknown
a47f3dac-45bb-4f7d-ad28-a7ead099891e	7e380de8-cb1a-4490-8f30-7a235887cb75.rna_seq.augmented_star_gene_counts.tsv	Transcriptome Profiling	Gene Expression Quantification	TCGA-PRAD	TCGA-G9-6351	TCGA-G9-6351-11A	Normal	Not Applicable	Solid Tissue	Unknown
2e7811cc-8e4d-4aa3-b8f8-9eb3e7215d94	e2bdfe73-54cb-448c-8212-8918bba38e31.rna_seq.augmented_star_gene_counts.tsv	Transcriptome Profiling	Gene Expression Quantification	TCGA-PRAD	TCGA-CH-5768	TCGA-CH-5768-01A	Tumor	Primary	Unknown	Unknown
11305b7a-7160-42f7-a577-88b546f7c5cb	f2ce151d-7e6e-41b1-b67d-2f7505082621.rna_seq.augmented_star_gene_counts.tsv	Transcriptome Profiling	Gene Expression Quantification	TCGA-PRAD	TCGA-EJ-5514	TCGA-EJ-5514-01A	Tumor	Primary	Unknown	Unknown
c1139272-e27b-4308-b3f5-09e7a5fd3589	246f3ad7-cc2b-4f27-bb9b-f30dd8a5fc96.rna_seq.augmented_star_gene_counts.tsv	Transcriptome Profiling	Gene Expression Quantification	TCGA-PRAD	TCGA-EJ-7797	TCGA-EJ-7797-01A	Tumor	Primary	Solid Tissue	Unknown
5c869053-ffba-482b-a34e-123157b7bbe6	77da9e82-dfdb-4ed2-99d2-cf93ada9148d.rna_seq.augmented_star_gene_counts.tsv	Transcriptome Profiling	Gene Expression Quantification	TCGA-PRAD	TCGA-EJ-5506	TCGA-EJ-5506-01A	Tumor	Primary	Unknown	Unknown
5005b7e7-0e85-472d-ab7b-2bc2690b340b	235ec92b-93de-4187-9430-7439bc1f1b1a.rna_seq.augmented_star_gene_counts.tsv	Transcriptome Profiling	Gene Expression Quantification	TCGA-PRAD	TCGA-G9-6385	TCGA-G9-6385-01A	Tumor	Primary	Solid Tissue	Unknown
b4d363ad-4baa-467b-a263-95607909bc8d	b24a1a07-9867-48b2-bdf0-d0a41171f867.rna_seq.augmented_star_gene_counts.tsv	Transcriptome Profiling	Gene Expression Quantification	TCGA-PRAD	TCGA-HC-8259	TCGA-HC-8259-01A	Tumor	Primary	Solid Tissue	Unknown
cc5ef513-f9f2-4fa1-b858-a5b5c0e1ee49	bfc7b05d-55da-4c1e-99d5-605c8359cb5c.rna_seq.augmented_star_gene_counts.tsv	Transcriptome Profiling	Gene Expression Quantification	TCGA-PRAD	TCGA-CH-5791	TCGA-CH-5791-01A	Tumor	Primary	Unknown	Unknown
353dcb70-994f-419a-aa60-b9934fa19955	fbfe6ce2-18ca-46fc-b271-32c6b10b1981.rna_seq.augmented_star_gene_counts.tsv	Transcriptome Profiling	Gene Expression Quantification	TCGA-PRAD	TCGA-EJ-7793	TCGA-EJ-7793-01A	Tumor	Primary	Solid Tissue	Unknown
3e8cf86e-ea84-42e0-b078-deae176cda1e	b23cdc2e-089e-439b-afd5-4e18fab4953d.rna_seq.augmented_star_gene_counts.tsv	Transcriptome Profiling	Gene Expression Quantification	TCGA-PRAD	TCGA-G9-6371	TCGA-G9-6371-01A	Tumor	Primary	Solid Tissue	Unknown
45dfb0ee-7d53-4bd8-b1d0-4a0a3275e4b5	64dc3324-0550-432b-8237-cee3ca6aa392.rna_seq.augmented_star_gene_counts.tsv	Transcriptome Profiling	Gene Expression Quantification	TCGA-PRAD	TCGA-HC-8258	TCGA-HC-8258-11A	Normal	Not Applicable	Solid Tissue	Unknown
94f0d79c-bcf2-4b29-8bdb-5ce388f9eb39	05fe0842-a882-44b7-85ef-e3f8b6ec75b7.rna_seq.augmented_star_gene_counts.tsv	Transcriptome Profiling	Gene Expression Quantification	TCGA-PRAD	TCGA-EJ-7788	TCGA-EJ-7788-01A	Tumor	Primary	Solid Tissue	Unknown
cc7216dc-6b4a-4e8e-a69e-fa32c570c3a3	b0f2bbbe-cd97-4d6b-ba03-b7a90e189ffb.rna_seq.augmented_star_gene_counts.tsv	Transcriptome Profiling	Gene Expression Quantification	TCGA-PRAD	TCGA-HC-8265	TCGA-HC-8265-01A	Tumor	Primary	Solid Tissue	Unknown
61831e68-f9a1-461a-ba2c-0516dcf6c257	c4e1b313-1f10-445d-ac48-38b291fb103c.rna_seq.augmented_star_gene_counts.tsv	Transcriptome Profiling	Gene Expression Quantification	TCGA-PRAD	TCGA-J4-8200	TCGA-J4-8200-01A	Tumor	Primary	Solid Tissue	Unknown
457ea661-5291-418b-abfb-c08ddefeeaff	fa1f9327-df9a-499f-bc56-c49088417617.rna_seq.augmented_star_gene_counts.tsv	Transcriptome Profiling	Gene Expression Quantification	TCGA-PRAD	TCGA-EJ-5497	TCGA-EJ-5497-01A	Tumor	Primary	Unknown	Unknown
20ab8ad5-3846-43f0-b04e-62d6960efec3	54bc3281-1146-4c6c-b08b-44b025799592.rna_seq.augmented_star_gene_counts.tsv	Transcriptome Profiling	Gene Expression Quantification	TCGA-PRAD	TCGA-G9-6377	TCGA-G9-6377-01A	Tumor	Primary	Solid Tissue	Unknown
533be652-57e3-4974-9f77-2a9b20d0cc31	06b62257-7bdf-4218-8d43-49d80f591364.rna_seq.augmented_star_gene_counts.tsv	Transcriptome Profiling	Gene Expression Quantification	TCGA-PRAD	TCGA-HC-8260	TCGA-HC-8260-01A	Tumor	Primary	Solid Tissue	Unknown
25263824-33e5-45c3-82a6-8982aea21a55	94ec88ff-4332-47ec-b2bf-3b8a269860d0.rna_seq.augmented_star_gene_counts.tsv	Transcriptome Profiling	Gene Expression Quantification	TCGA-PRAD	TCGA-CH-5754	TCGA-CH-5754-01A	Tumor	Primary	Unknown	Unknown
d80a44a8-6d81-4be0-98a0-48ccec90d4fd	2f785783-9303-4b18-9e87-0c33e65a5de9.rna_seq.augmented_star_gene_counts.tsv	Transcriptome Profiling	Gene Expression Quantification	TCGA-PRAD	TCGA-EJ-7782	TCGA-EJ-7782-01A	Tumor	Primary	Solid Tissue	Unknown
e8c5e725-654f-43a0-b6b0-4f4c8d13f8c4	addee8f0-f553-4d78-abb1-d3f50d52386a.rna_seq.augmented_star_gene_counts.tsv	Transcriptome Profiling	Gene Expression Quantification	TCGA-PRAD	TCGA-EJ-7312	TCGA-EJ-7312-01B	Tumor	Primary	Unknown	OCT
86c770c7-028d-40fd-85f9-5b7b7821f384	6dffd8c9-848b-46ff-b72a-e30658982fdc.rna_seq.augmented_star_gene_counts.tsv	Transcriptome Profiling	Gene Expression Quantification	TCGA-PRAD	TCGA-EJ-7783	TCGA-EJ-7783-01A	Tumor	Primary	Solid Tissue	Unknown
3a394f4d-faf2-47de-b960-b964ea23b45a	67b5aad0-8e60-4802-8791-5c14b7a1305a.rna_seq.augmented_star_gene_counts.tsv	Transcriptome Profiling	Gene Expression Quantification	TCGA-PRAD	TCGA-J9-A52C	TCGA-J9-A52C-01A	Tumor	Primary	Solid Tissue	Unknown
5d51148f-d418-43c0-ab88-61839a6f4f55	69696d6d-70fa-430d-982b-8be9fc0f720b.rna_seq.augmented_star_gene_counts.tsv	Transcriptome Profiling	Gene Expression Quantification	TCGA-PRAD	TCGA-EJ-5515	TCGA-EJ-5515-01A	Tumor	Primary	Unknown	Unknown
5f225645-97c6-440c-9527-6e2214b3b97f	ec1f502a-2879-4f36-aa4b-0535efa7d4ac.rna_seq.augmented_star_gene_counts.tsv	Transcriptome Profiling	Gene Expression Quantification	TCGA-PRAD	TCGA-EJ-8470	TCGA-EJ-8470-01A	Tumor	Primary	Solid Tissue	Unknown
2ba243f8-3c22-4f42-9dff-4f4f568453bb	cf7f2ba0-bd76-4ccc-9e2c-e944adad3ca6.rna_seq.augmented_star_gene_counts.tsv	Transcriptome Profiling	Gene Expression Quantification	TCGA-PRAD	TCGA-G9-6356	TCGA-G9-6356-01A	Tumor	Primary	Solid Tissue	Unknown
9ffd93f3-b429-4876-a145-964cb53b0ae0	6a48a923-7683-4f65-b3e6-d2b06b501bd6.rna_seq.augmented_star_gene_counts.tsv	Transcriptome Profiling	Gene Expression Quantification	TCGA-PRAD	TCGA-G9-6356	TCGA-G9-6356-11A	Normal	Not Applicable	Solid Tissue	Unknown
da6e7b4e-fa86-46d8-bb10-08b88a4fe87d	bc373858-528c-48d5-b548-70f9a49a79b0.rna_seq.augmented_star_gene_counts.tsv	Transcriptome Profiling	Gene Expression Quantification	TCGA-PRAD	TCGA-EJ-5505	TCGA-EJ-5505-01A	Tumor	Primary	Unknown	Unknown
82e9eeed-d077-4f04-b03e-cdf4d8ca219d	e32fc401-5ddd-4dfc-8be4-8d4072a080c3.rna_seq.augmented_star_gene_counts.tsv	Transcriptome Profiling	Gene Expression Quantification	TCGA-PRAD	TCGA-EJ-7789	TCGA-EJ-7789-01A	Tumor	Primary	Solid Tissue	Unknown
1f4a9a3f-ceff-4065-93c6-7f59f24c8ddf	aac3107c-0c3c-4912-92bc-dfe53fbbac9e.rna_seq.augmented_star_gene_counts.tsv	Transcriptome Profiling	Gene Expression Quantification	TCGA-PRAD	TCGA-EJ-7789	TCGA-EJ-7789-11A	Normal	Not Applicable	Solid Tissue	Unknown
ae82bf57-6144-46ed-9056-d4775209ca4e	769531ed-35ed-4357-a436-5db0d94f42d8.rna_seq.augmented_star_gene_counts.tsv	Transcriptome Profiling	Gene Expression Quantification	TCGA-PRAD	TCGA-EJ-5516	TCGA-EJ-5516-01A	Tumor	Primary	Unknown	Unknown
330bed7a-0844-434e-8139-d559ace4d9e6	4e98ce33-c0ae-473b-8bf2-8407d00098e5.rna_seq.augmented_star_gene_counts.tsv	Transcriptome Profiling	Gene Expression Quantification	TCGA-PRAD	TCGA-HC-8257	TCGA-HC-8257-01A	Tumor	Primary	Solid Tissue	Unknown
b9613f09-0db2-4409-bb9d-9f484d7267a2	54d010fb-a242-4e4c-bee0-ee67697da801.rna_seq.augmented_star_gene_counts.tsv	Transcriptome Profiling	Gene Expression Quantification	TCGA-PRAD	TCGA-EJ-7792	TCGA-EJ-7792-11A	Normal	Not Applicable	Solid Tissue	Unknown
95f0ecc5-a02f-4426-8a55-4def0758e267	c6b20bb4-cb04-4a59-8b66-211b787f8950.rna_seq.augmented_star_gene_counts.tsv	Transcriptome Profiling	Gene Expression Quantification	TCGA-PRAD	TCGA-EJ-7315	TCGA-EJ-7315-11A	Normal	Not Applicable	Solid Tissue	Unknown
3afad7ec-1243-43ef-925e-165302b4693e	caf6340c-8a9e-4814-b78e-c0b539e6b43e.rna_seq.augmented_star_gene_counts.tsv	Transcriptome Profiling	Gene Expression Quantification	TCGA-PRAD	TCGA-EJ-7785	TCGA-EJ-7785-01A	Tumor	Primary	Solid Tissue	Unknown
81dbe674-52b1-4c88-ac98-f235ea631797	cd27b963-ad0f-4932-b41b-599dfd4b4194.rna_seq.augmented_star_gene_counts.tsv	Transcriptome Profiling	Gene Expression Quantification	TCGA-PRAD	TCGA-EJ-7781	TCGA-EJ-7781-01A	Tumor	Primary	Solid Tissue	Unknown
58941211-74cc-4067-9a6e-ae55a0c83619	57ac89a6-7584-42cb-8b92-f23cc2e0d81d.rna_seq.augmented_star_gene_counts.tsv	Transcriptome Profiling	Gene Expression Quantification	TCGA-PRAD	TCGA-HC-7081	TCGA-HC-7081-01A	Tumor	Primary	Solid Tissue	Unknown
0afc563f-75a9-4e20-9094-9bbc83bfb7f6	847afc38-d95f-4405-8d53-ce73a915ce5b.rna_seq.augmented_star_gene_counts.tsv	Transcriptome Profiling	Gene Expression Quantification	TCGA-PRAD	TCGA-EJ-5502	TCGA-EJ-5502-01A	Tumor	Primary	Unknown	Unknown
2d324505-0410-48e5-b8f1-6e831c7cd5f7	21faac4f-9178-48a3-a2c5-a6d3efb30c8b.rna_seq.augmented_star_gene_counts.tsv	Transcriptome Profiling	Gene Expression Quantification	TCGA-PRAD	TCGA-EJ-7325	TCGA-EJ-7325-01B	Tumor	Primary	Unknown	OCT
72bc90dc-785e-40a0-9c4f-4c6b4d3dd6fa	bcd6088c-93ef-4dd0-8da4-b58a2daa27c3.rna_seq.augmented_star_gene_counts.tsv	Transcriptome Profiling	Gene Expression Quantification	TCGA-PRAD	TCGA-CH-5738	TCGA-CH-5738-01A	Tumor	Primary	Unknown	Unknown
db608b14-9785-4df1-b604-0ad7fd20d0eb	18b99e5c-9d14-4e3f-b8eb-23cb929bcfb5.rna_seq.augmented_star_gene_counts.tsv	Transcriptome Profiling	Gene Expression Quantification	TCGA-PRAD	TCGA-HC-7209	TCGA-HC-7209-01A	Tumor	Primary	Solid Tissue	Unknown
6ce3d55b-6d88-4b26-a089-5aef7055b280	96fa87b9-2397-4d7c-8b66-2d600bfe69c3.rna_seq.augmented_star_gene_counts.tsv	Transcriptome Profiling	Gene Expression Quantification	TCGA-PRAD	TCGA-HC-7075	TCGA-HC-7075-01A	Tumor	Primary	Solid Tissue	Unknown
8e36309d-1d81-4ed4-8052-afcace5765df	f31f8590-4509-4c7d-81d6-0e899381c427.rna_seq.augmented_star_gene_counts.tsv	Transcriptome Profiling	Gene Expression Quantification	TCGA-PRAD	TCGA-G9-6336	TCGA-G9-6336-01A	Tumor	Primary	Solid Tissue	Unknown
db540696-d1c7-4853-817b-8f7b0714aa5e	ae453e2d-6a82-49b7-87ef-5835389c70ff.rna_seq.augmented_star_gene_counts.tsv	Transcriptome Profiling	Gene Expression Quantification	TCGA-PRAD	TCGA-EJ-7115	TCGA-EJ-7115-11A	Normal	Not Applicable	Solid Tissue	Unknown
aa444e19-18fb-40d7-b285-fedf296cfb44	23e41cd5-4268-4cae-8419-39c6f554587c.rna_seq.augmented_star_gene_counts.tsv	Transcriptome Profiling	Gene Expression Quantification	TCGA-PRAD	TCGA-EJ-7115	TCGA-EJ-7115-01A	Tumor	Primary	Solid Tissue	Unknown
e379202e-e176-4fc9-a0f5-d5be78a2f39e	0b84a9f6-7136-492f-9e9a-367353bb760a.rna_seq.augmented_star_gene_counts.tsv	Transcriptome Profiling	Gene Expression Quantification	TCGA-PRAD	TCGA-G9-6339	TCGA-G9-6339-01A	Tumor	Primary	Unknown	Unknown
5836537e-faf8-42c6-88bf-92755b420c57	e025404f-fd84-467b-ba3f-244a4074e3fd.rna_seq.augmented_star_gene_counts.tsv	Transcriptome Profiling	Gene Expression Quantification	TCGA-PRAD	TCGA-HC-7232	TCGA-HC-7232-01A	Tumor	Primary	Solid Tissue	Unknown
5780a290-047c-4511-985e-5caa99b27086	47da45d0-aaaf-469f-bfba-a76d18a572b2.rna_seq.augmented_star_gene_counts.tsv	Transcriptome Profiling	Gene Expression Quantification	TCGA-PRAD	TCGA-EJ-8474	TCGA-EJ-8474-01A	Tumor	Primary	Solid Tissue	Unknown
5bf0e22b-aee2-43ef-8dad-08480a53acb4	367a6ca6-7c37-4032-b04c-e68f5b3a9ba4.rna_seq.augmented_star_gene_counts.tsv	Transcriptome Profiling	Gene Expression Quantification	TCGA-PRAD	TCGA-CH-5750	TCGA-CH-5750-01A	Tumor	Primary	Unknown	Unknown
5b86bbf6-cead-4885-bd1d-cb008f9ca436	052ed70e-6cde-4206-8c50-d338e68a5b23.rna_seq.augmented_star_gene_counts.tsv	Transcriptome Profiling	Gene Expression Quantification	TCGA-PRAD	TCGA-G9-6364	TCGA-G9-6364-01A	Tumor	Primary	Solid Tissue	Unknown
d3c51d7c-6908-4971-a3fc-ea443c8542c6	13be5783-2087-4bf6-83dc-a8516d931616.rna_seq.augmented_star_gene_counts.tsv	Transcriptome Profiling	Gene Expression Quantification	TCGA-PRAD	TCGA-CH-5753	TCGA-CH-5753-01A	Tumor	Primary	Unknown	Unknown
5d3ffedb-2371-4bfb-acae-ac7acb78355a	e9c43b8b-9f40-49b6-89f6-a7884e386423.rna_seq.augmented_star_gene_counts.tsv	Transcriptome Profiling	Gene Expression Quantification	TCGA-PRAD	TCGA-EJ-7791	TCGA-EJ-7791-01A	Tumor	Primary	Solid Tissue	Unknown
0de94f0b-d06b-460c-aed0-c18380d4fc94	89a0abf7-c745-48a1-ab36-d70ffcaca99e.rna_seq.augmented_star_gene_counts.tsv	Transcriptome Profiling	Gene Expression Quantification	TCGA-PRAD	TCGA-CH-5764	TCGA-CH-5764-01A	Tumor	Primary	Unknown	Unknown
fb994047-cd50-4a23-bdd1-7a20a8ed8afe	857d7f2e-14b5-4a4d-b1b6-e6cb12ed857f.rna_seq.augmented_star_gene_counts.tsv	Transcriptome Profiling	Gene Expression Quantification	TCGA-PRAD	TCGA-HC-7821	TCGA-HC-7821-01A	Tumor	Primary	Solid Tissue	Unknown
7ff08c03-ccba-41f7-b086-78f86c27c576	a704f7c5-6378-43ec-9294-8c9ce2308c5c.rna_seq.augmented_star_gene_counts.tsv	Transcriptome Profiling	Gene Expression Quantification	TCGA-PRAD	TCGA-CH-5763	TCGA-CH-5763-01A	Tumor	Primary	Unknown	Unknown
dba10e27-3793-4de2-800c-008ad0a567bf	6ae6442d-6817-45c1-9ab0-f2195449bd48.rna_seq.augmented_star_gene_counts.tsv	Transcriptome Profiling	Gene Expression Quantification	TCGA-PRAD	TCGA-CH-5772	TCGA-CH-5772-01A	Tumor	Primary	Unknown	Unknown
57ef12cf-3c0e-49ce-9075-9ae9d74ba64f	43adcecf-c596-4e69-9c83-16d5b28f276f.rna_seq.augmented_star_gene_counts.tsv	Transcriptome Profiling	Gene Expression Quantification	TCGA-PRAD	TCGA-EJ-5525	TCGA-EJ-5525-01A	Tumor	Primary	Unknown	Unknown
ac56741a-daa1-409e-836d-631b99fe2d69	f81292b4-23cb-4ea1-a83b-27e84a2cafd5.rna_seq.augmented_star_gene_counts.tsv	Transcriptome Profiling	Gene Expression Quantification	TCGA-PRAD	TCGA-G9-6499	TCGA-G9-6499-01A	Tumor	Primary	Solid Tissue	Unknown
cecba697-85d4-4cb5-9a32-7bf3e67d8cb0	7f8dc767-80f0-490b-bdbf-6acd1f909b1f.rna_seq.augmented_star_gene_counts.tsv	Transcriptome Profiling	Gene Expression Quantification	TCGA-PRAD	TCGA-CH-5762	TCGA-CH-5762-01A	Tumor	Primary	Unknown	Unknown
00d6b6a9-179f-4b2a-826f-f8326197b17d	9c56eacc-c71b-48b5-8747-008fd1105f89.rna_seq.augmented_star_gene_counts.tsv	Transcriptome Profiling	Gene Expression Quantification	TCGA-PRAD	TCGA-EJ-7321	TCGA-EJ-7321-01A	Tumor	Primary	Solid Tissue	Unknown
3599d990-807a-446a-a52b-239eb8a27b59	4b66b775-0381-427c-bb5d-daa1eaa01f01.rna_seq.augmented_star_gene_counts.tsv	Transcriptome Profiling	Gene Expression Quantification	TCGA-PRAD	TCGA-HC-7749	TCGA-HC-7749-01A	Tumor	Primary	Solid Tissue	Unknown
bf7041bb-931d-4b8e-9253-721ca09050db	6c9c0278-d063-47fd-885e-fa19346b2ec0.rna_seq.augmented_star_gene_counts.tsv	Transcriptome Profiling	Gene Expression Quantification	TCGA-PRAD	TCGA-EJ-8468	TCGA-EJ-8468-01A	Tumor	Primary	Solid Tissue	Unknown
2aac852a-1b8a-4d86-aa76-5032fa36d5ba	dd93ce26-ccd5-4cfb-a9b3-a469dc53ed9e.rna_seq.augmented_star_gene_counts.tsv	Transcriptome Profiling	Gene Expression Quantification	TCGA-PRAD	TCGA-HC-7079	TCGA-HC-7079-01A	Tumor	Primary	Solid Tissue	Unknown
5ee99daf-4603-4eee-9311-71bf350b86ab	c5e68a3a-8343-4021-9efb-16d960f33bca.rna_seq.augmented_star_gene_counts.tsv	Transcriptome Profiling	Gene Expression Quantification	TCGA-PRAD	TCGA-HC-7748	TCGA-HC-7748-01A	Tumor	Primary	Solid Tissue	Unknown
33b09c46-e744-41d1-bcd9-a652f466ffe9	2ab5ec76-c5d6-46c0-903c-776848afd2cb.rna_seq.augmented_star_gene_counts.tsv	Transcriptome Profiling	Gene Expression Quantification	TCGA-PRAD	TCGA-G9-6333	TCGA-G9-6333-01A	Tumor	Primary	Solid Tissue	Unknown
d6963724-bd05-4898-a925-9e047309e226	a8d710c8-d021-4258-a6cc-9948ceaa2486.rna_seq.augmented_star_gene_counts.tsv	Transcriptome Profiling	Gene Expression Quantification	TCGA-PRAD	TCGA-G9-6333	TCGA-G9-6333-11A	Normal	Not Applicable	Solid Tissue	Unknown
83bc9228-d1e5-4985-b37c-3d97232f2669	ef70adbb-5a94-4c64-92cf-0d368766f8d0.rna_seq.augmented_star_gene_counts.tsv	Transcriptome Profiling	Gene Expression Quantification	TCGA-PRAD	TCGA-HC-7745	TCGA-HC-7745-11A	Normal	Not Applicable	Solid Tissue	Unknown
5190374f-ea8a-43a3-b443-79fac4506a48	79ce3814-2843-44c3-9abb-ec353ecc4f01.rna_seq.augmented_star_gene_counts.tsv	Transcriptome Profiling	Gene Expression Quantification	TCGA-PRAD	TCGA-G9-6365	TCGA-G9-6365-11A	Normal	Not Applicable	Solid Tissue	Unknown
c9c57b6a-1a65-4384-8f78-23726803fd14	4aeac737-0156-44fe-a034-664c3d1dfed4.rna_seq.augmented_star_gene_counts.tsv	Transcriptome Profiling	Gene Expression Quantification	TCGA-PRAD	TCGA-EJ-7317	TCGA-EJ-7317-01A	Tumor	Primary	Solid Tissue	Unknown
10ac475b-ebab-4164-abd5-0c53bdf5c558	422d5778-bfe0-4e2f-b254-2a753c777686.rna_seq.augmented_star_gene_counts.tsv	Transcriptome Profiling	Gene Expression Quantification	TCGA-PRAD	TCGA-HC-7738	TCGA-HC-7738-11A	Normal	Not Applicable	Solid Tissue	Unknown
e66b5762-22d5-401d-9cdd-e44a024894b0	a676be28-cf07-4811-9ed9-b8fb746d0573.rna_seq.augmented_star_gene_counts.tsv	Transcriptome Profiling	Gene Expression Quantification	TCGA-PRAD	TCGA-HC-7210	TCGA-HC-7210-01A	Tumor	Primary	Solid Tissue	Unknown
18df3508-adb6-4fb8-9610-6d69ea1c71cf	5f6dbd47-2f8a-4bfb-adb7-20649903c275.rna_seq.augmented_star_gene_counts.tsv	Transcriptome Profiling	Gene Expression Quantification	TCGA-PRAD	TCGA-G9-6354	TCGA-G9-6354-01A	Tumor	Primary	Unknown	Unknown
0427d696-a33d-4005-ac1d-c5363754226e	b1becd71-bbed-4a0f-af9c-94b9b2af928b.rna_seq.augmented_star_gene_counts.tsv	Transcriptome Profiling	Gene Expression Quantification	TCGA-PRAD	TCGA-HC-7737	TCGA-HC-7737-11A	Normal	Not Applicable	Solid Tissue	Unknown
c93d2241-ec80-424a-871a-0e2a8b6f4043	77d92416-bd2e-4224-bcb7-40ac1258218e.rna_seq.augmented_star_gene_counts.tsv	Transcriptome Profiling	Gene Expression Quantification	TCGA-PRAD	TCGA-HC-7737	TCGA-HC-7737-01A	Tumor	Primary	Solid Tissue	Unknown
c92ecdd4-cf61-4f1a-b516-23babeab074f	5deb8f45-ac53-4638-8407-b5324f06c03f.rna_seq.augmented_star_gene_counts.tsv	Transcriptome Profiling	Gene Expression Quantification	TCGA-PRAD	TCGA-G9-7509	TCGA-G9-7509-01A	Tumor	Primary	Solid Tissue	Unknown
6c9d02b7-69b5-485b-a37e-2f5cb6baa354	de57cc79-041e-44f4-b96d-75531db5bb65.rna_seq.augmented_star_gene_counts.tsv	Transcriptome Profiling	Gene Expression Quantification	TCGA-PRAD	TCGA-G9-7522	TCGA-G9-7522-01A	Tumor	Primary	Solid Tissue	Unknown
fded7159-92d4-4aaf-b06b-1169cabdc1fa	9493a088-7cc8-4d7f-ad8b-946b9b9c4a2b.rna_seq.augmented_star_gene_counts.tsv	Transcriptome Profiling	Gene Expression Quantification	TCGA-PRAD	TCGA-CH-5761	TCGA-CH-5761-01A	Tumor	Primary	Unknown	Unknown
019f09cc-0a29-434b-a43a-1f458548cc82	6a0185c8-be4c-4273-ac77-4647e46a0e08.rna_seq.augmented_star_gene_counts.tsv	Transcriptome Profiling	Gene Expression Quantification	TCGA-PRAD	TCGA-HC-8216	TCGA-HC-8216-01A	Tumor	Primary	Solid Tissue	Unknown
9b20a127-f218-4152-8ba9-bec6fd3f40d6	4e210408-b5e7-4f57-a790-13cb4ef12a56.rna_seq.augmented_star_gene_counts.tsv	Transcriptome Profiling	Gene Expression Quantification	TCGA-PRAD	TCGA-EJ-7314	TCGA-EJ-7314-01A	Tumor	Primary	Solid Tissue	Unknown
f33f57c5-fbb8-4d9c-8ae4-9800ef8b35f8	027797bd-4b87-414c-953e-7f3a23dbe16e.rna_seq.augmented_star_gene_counts.tsv	Transcriptome Profiling	Gene Expression Quantification	TCGA-PRAD	TCGA-CH-5767	TCGA-CH-5767-11B	Normal	Not Applicable	Solid Tissue	Unknown
c43feeba-ba0e-4b05-9da0-dc38fb1cc85f	6664e792-b8d8-43d1-ba34-be969e4fd0d4.rna_seq.augmented_star_gene_counts.tsv	Transcriptome Profiling	Gene Expression Quantification	TCGA-PRAD	TCGA-G9-6348	TCGA-G9-6348-01A	Tumor	Primary	Solid Tissue	Unknown
40368d75-247c-46fb-bdaf-c71964fd762c	c25bf73b-e757-4034-88b0-cc1f6d34ff1f.rna_seq.augmented_star_gene_counts.tsv	Transcriptome Profiling	Gene Expression Quantification	TCGA-PRAD	TCGA-HC-8256	TCGA-HC-8256-01A	Tumor	Primary	Solid Tissue	Unknown
a01b7ba6-acd9-40cb-8359-c6565714cdab	d1338761-2196-4fd3-8b50-f2efb8a3f850.rna_seq.augmented_star_gene_counts.tsv	Transcriptome Profiling	Gene Expression Quantification	TCGA-PRAD	TCGA-HC-7740	TCGA-HC-7740-01A	Tumor	Primary	Solid Tissue	Unknown
a82b0819-225b-4aa8-bb97-3cbd4873bc54	9975ae8f-09f2-4343-9281-cbe13c775dca.rna_seq.augmented_star_gene_counts.tsv	Transcriptome Profiling	Gene Expression Quantification	TCGA-PRAD	TCGA-HC-7740	TCGA-HC-7740-11A	Normal	Not Applicable	Solid Tissue	Unknown
a9999aad-a878-418d-8564-f8ea1a98ecb2	3a99e7d7-12d0-4b11-bf01-cc48f0897a99.rna_seq.augmented_star_gene_counts.tsv	Transcriptome Profiling	Gene Expression Quantification	TCGA-PRAD	TCGA-HC-7077	TCGA-HC-7077-01A	Tumor	Primary	Solid Tissue	Unknown
c4bb0bc9-23df-41f3-8ca9-4a7a028a6027	4ef20aa9-ee28-4242-8590-14fb67e857d6.rna_seq.augmented_star_gene_counts.tsv	Transcriptome Profiling	Gene Expression Quantification	TCGA-PRAD	TCGA-G9-6329	TCGA-G9-6329-01A	Tumor	Primary	Solid Tissue	Unknown
2ba0d185-9c0f-4f77-b967-887994c35537	b2a45363-60f5-468c-b29d-687c2e0bf83b.rna_seq.augmented_star_gene_counts.tsv	Transcriptome Profiling	Gene Expression Quantification	TCGA-PRAD	TCGA-J4-8198	TCGA-J4-8198-01A	Tumor	Primary	Solid Tissue	Unknown
51dc1c02-21ae-47aa-aed7-ccf695eb3015	7d2a148b-6dbe-4ba4-889b-907a8ddcefae.rna_seq.augmented_star_gene_counts.tsv	Transcriptome Profiling	Gene Expression Quantification	TCGA-PRAD	TCGA-EJ-5503	TCGA-EJ-5503-01A	Tumor	Primary	Unknown	Unknown
55c2daae-2f8d-4805-ab70-1eebe7c4ce7f	588e9230-8412-4648-9f87-a6d7676df3b6.rna_seq.augmented_star_gene_counts.tsv	Transcriptome Profiling	Gene Expression Quantification	TCGA-PRAD	TCGA-EJ-8472	TCGA-EJ-8472-01A	Tumor	Primary	Solid Tissue	Unknown
24da5615-dd26-4171-97c3-4216251af862	659ebc1e-2b97-4800-8166-749e93085d2d.rna_seq.augmented_star_gene_counts.tsv	Transcriptome Profiling	Gene Expression Quantification	TCGA-PRAD	TCGA-EJ-7125	TCGA-EJ-7125-01A	Tumor	Primary	Solid Tissue	Unknown
44c71a14-39ef-4616-84ca-ea5494f270aa	505af425-08b6-4c45-bf13-97de304e2b2f.rna_seq.augmented_star_gene_counts.tsv	Transcriptome Profiling	Gene Expression Quantification	TCGA-PRAD	TCGA-EJ-7331	TCGA-EJ-7331-01A	Tumor	Primary	Solid Tissue	Unknown
e4ce56ed-b03d-4054-94f7-981a702d7557	34379142-2553-4d15-a430-e16da714d03e.rna_seq.augmented_star_gene_counts.tsv	Transcriptome Profiling	Gene Expression Quantification	TCGA-PRAD	TCGA-G9-6498	TCGA-G9-6498-01A	Tumor	Primary	Unknown	Unknown
a6c621e7-dc5e-4014-8876-8863858832fc	54530b7d-7e21-44c3-a5ca-62ed71178b8e.rna_seq.augmented_star_gene_counts.tsv	Transcriptome Profiling	Gene Expression Quantification	TCGA-PRAD	TCGA-CH-5788	TCGA-CH-5788-01A	Tumor	Primary	Unknown	Unknown
236083ac-b238-465c-98e6-ad91f4ec82f0	fba054db-a4de-4472-96a0-3c4e61e33a8d.rna_seq.augmented_star_gene_counts.tsv	Transcriptome Profiling	Gene Expression Quantification	TCGA-PRAD	TCGA-G9-6373	TCGA-G9-6373-01A	Tumor	Primary	Solid Tissue	Unknown
3a643e32-8ece-4e7f-93a0-9fab9c33ddd3	53cba562-6d13-4c88-b13d-39a2a600fc2e.rna_seq.augmented_star_gene_counts.tsv	Transcriptome Profiling	Gene Expression Quantification	TCGA-PRAD	TCGA-G9-6496	TCGA-G9-6496-11A	Normal	Not Applicable	Solid Tissue	Unknown
cb31d173-1ffc-4758-92e8-723e3a4d1f48	c1990c79-964a-45db-8fa1-4ada47d10743.rna_seq.augmented_star_gene_counts.tsv	Transcriptome Profiling	Gene Expression Quantification	TCGA-PRAD	TCGA-EJ-5521	TCGA-EJ-5521-01A	Tumor	Primary	Unknown	Unknown
e07ed349-c219-4b46-b7b8-30c672f84f6e	36686dd6-2f3e-4950-9fbb-d1952d3bd5fd.rna_seq.augmented_star_gene_counts.tsv	Transcriptome Profiling	Gene Expression Quantification	TCGA-PRAD	TCGA-HC-7819	TCGA-HC-7819-11A	Normal	Not Applicable	Solid Tissue	Unknown
da724edb-9a7d-499f-a0b2-1036ff37cde5	41317cbf-55ed-4118-9964-b4b17bc89848.rna_seq.augmented_star_gene_counts.tsv	Transcriptome Profiling	Gene Expression Quantification	TCGA-PRAD	TCGA-HC-7819	TCGA-HC-7819-01A	Tumor	Primary	Solid Tissue	Unknown
d2fa6d84-36ae-46fa-83fb-1e38cb3d02c8	42f77df3-dddc-44df-a2d8-e4ed6af26aa5.rna_seq.augmented_star_gene_counts.tsv	Transcriptome Profiling	Gene Expression Quantification	TCGA-PRAD	TCGA-G9-6379	TCGA-G9-6379-01A	Tumor	Primary	Solid Tissue	Unknown
d40510a3-356a-4f3a-b055-429b5023fa5e	f7600503-b7b0-4b83-bf76-7fb2ce04afd8.rna_seq.augmented_star_gene_counts.tsv	Transcriptome Profiling	Gene Expression Quantification	TCGA-PRAD	TCGA-G9-7510	TCGA-G9-7510-01A	Tumor	Primary	Solid Tissue	Unknown
509fc559-6750-46e0-881d-71a4a313d270	2cacbe10-481e-42d7-8b01-5ad9537ed2c1.rna_seq.augmented_star_gene_counts.tsv	Transcriptome Profiling	Gene Expression Quantification	TCGA-PRAD	TCGA-G9-6362	TCGA-G9-6362-11A	Normal	Not Applicable	Solid Tissue	Unknown
656e67f9-b280-480b-a7a5-444ddf979027	998581d3-8fdc-4f4a-92cd-d98fc0f910bc.rna_seq.augmented_star_gene_counts.tsv	Transcriptome Profiling	Gene Expression Quantification	TCGA-PRAD	TCGA-HC-7747	TCGA-HC-7747-11A	Normal	Not Applicable	Solid Tissue	Unknown
c642c3ca-d565-40f4-a9e9-cb7771f012b6	ff4284af-295f-407a-ae37-dbc7da985591.rna_seq.augmented_star_gene_counts.tsv	Transcriptome Profiling	Gene Expression Quantification	TCGA-PRAD	TCGA-EJ-5511	TCGA-EJ-5511-01A	Tumor	Primary	Unknown	Unknown
8c5159b9-ce05-4c68-ac8b-b22720f48d7c	60b371e4-0fbe-4c7b-9149-14413bd62032.rna_seq.augmented_star_gene_counts.tsv	Transcriptome Profiling	Gene Expression Quantification	TCGA-PRAD	TCGA-HC-7080	TCGA-HC-7080-01A	Tumor	Primary	Solid Tissue	Unknown
27a0dcf2-bf9e-4dd3-b0d1-2dcfc67e69ba	1782c608-e7e6-4413-8d87-660979f32485.rna_seq.augmented_star_gene_counts.tsv	Transcriptome Profiling	Gene Expression Quantification	TCGA-PRAD	TCGA-HC-8262	TCGA-HC-8262-01A	Tumor	Primary	Solid Tissue	Unknown
29d3f44a-ce3c-4162-9c5b-c62eff90bd91	673ef155-1bba-466d-92b4-cecb4121946e.rna_seq.augmented_star_gene_counts.tsv	Transcriptome Profiling	Gene Expression Quantification	TCGA-PRAD	TCGA-HC-8262	TCGA-HC-8262-11A	Normal	Not Applicable	Solid Tissue	Unknown
